{"cameraMode":{"drawMode":0,"name":"Shaded","section":"Shading Mode"},"sceneLighting":true,"audioPlay":false,"sceneViewState":{"showFog":true,"showMaterialUpdate":false,"showSkybox":true,"showFlares":true,"showImageEffects":true,"showParticleSystems":true},"in2DMode":false,"pivot":{"x":3.8016419410705568,"y":0.9451262354850769,"z":2.2486166954040529},"rotation":{"x":-0.3217059075832367,"y":0.661866307258606,"z":-0.5604417324066162,"w":-0.37992626428604128},"size":3.1100363731384279,"orthographic":false}