{"cameraMode":{"drawMode":0,"name":"Shaded","section":"Shading Mode"},"sceneLighting":true,"audioPlay":false,"sceneViewState":{"showFog":true,"showMaterialUpdate":false,"showSkybox":true,"showFlares":true,"showImageEffects":true,"showParticleSystems":true},"in2DMode":false,"pivot":{"x":0.2095852643251419,"y":-0.9924919605255127,"z":3.881434917449951},"rotation":{"x":-0.2285284698009491,"y":-0.03416605666279793,"z":0.008024784736335278,"w":-0.972907543182373},"size":2.7816503047943117,"orthographic":false}