{"cameraMode":{"drawMode":0,"name":"Shaded","section":"Shading Mode"},"sceneLighting":true,"audioPlay":false,"sceneViewState":{"showFog":true,"showMaterialUpdate":false,"showSkybox":true,"showFlares":true,"showImageEffects":true,"showParticleSystems":true},"in2DMode":false,"pivot":{"x":-3.590916872024536,"y":1.1350739002227784,"z":-0.14557082951068879},"rotation":{"x":-0.1948218047618866,"y":0.6877157092094421,"z":-0.1999327391386032,"w":-0.6701973676681519},"size":15.465349197387696,"orthographic":false}