{"cameraMode":{"drawMode":0,"name":"Shaded","section":"Shading Mode"},"sceneLighting":true,"audioPlay":false,"sceneViewState":{"showFog":true,"showMaterialUpdate":false,"showSkybox":true,"showFlares":true,"showImageEffects":true,"showParticleSystems":true},"in2DMode":false,"pivot":{"x":1865.239013671875,"y":1006.27294921875,"z":-16.783939361572267},"rotation":{"x":-0.3362290561199188,"y":-0.03869527578353882,"z":0.013827254995703698,"w":-0.9408888220787048},"size":171.30899047851563,"orthographic":false}