{"cameraMode":{"drawMode":0,"name":"Shaded","section":"Shading Mode"},"sceneLighting":true,"audioPlay":false,"sceneViewState":{"showFog":true,"showMaterialUpdate":false,"showSkybox":true,"showFlares":true,"showImageEffects":true,"showParticleSystems":true},"in2DMode":false,"pivot":{"x":1608.9844970703125,"y":1336.3702392578125,"z":-4189.94677734375},"rotation":{"x":0.04677274078130722,"y":0.005391207057982683,"z":0.00025141381775029004,"w":-0.9988975524902344},"size":11.449094772338868,"orthographic":false}