{"cameraMode":{"drawMode":0,"name":"Shaded","section":"Shading Mode"},"sceneLighting":true,"audioPlay":false,"sceneViewState":{"showFog":true,"showMaterialUpdate":false,"showSkybox":true,"showFlares":true,"showImageEffects":true,"showParticleSystems":true},"in2DMode":false,"pivot":{"x":0.0,"y":0.9399999976158142,"z":-6.369999885559082},"rotation":{"x":-0.1556718796491623,"y":-0.00533691979944706,"z":0.0008408817229792476,"w":-0.9877951741218567},"size":3.228729248046875,"orthographic":false}