{"cameraMode":{"drawMode":0,"name":"Shaded","section":"Shading Mode"},"sceneLighting":true,"audioPlay":false,"sceneViewState":{"showFog":true,"showMaterialUpdate":false,"showSkybox":true,"showFlares":true,"showImageEffects":true,"showParticleSystems":true},"in2DMode":false,"pivot":{"x":-2.3037304878234865,"y":2.1857523918151857,"z":-1.879866361618042},"rotation":{"x":-0.13081246614456178,"y":0.8651728630065918,"z":-0.29461967945098879,"w":-0.3841864764690399},"size":6.986449718475342,"orthographic":false}