{"cameraMode":{"drawMode":0,"name":"Shaded","section":"Shading Mode"},"sceneLighting":true,"audioPlay":false,"sceneViewState":{"showFog":true,"showMaterialUpdate":false,"showSkybox":true,"showFlares":true,"showImageEffects":true,"showParticleSystems":true},"in2DMode":false,"pivot":{"x":1.0738275051116944,"y":1.5556141138076783,"z":-2.566696882247925},"rotation":{"x":0.05276515334844589,"y":-0.006593615747988224,"z":-0.0003494000411592424,"w":-0.998593270778656},"size":1.8073949813842774,"orthographic":false}